isolate_id	country	true_genotype
ISO001_Burkina_Faso	Burkina Faso	R539T
ISO002_Nigeria	Nigeria	wild-type
ISO003_Burkina_Faso	Burkina Faso	wild-type
ISO004_Burkina_Faso	Burkina Faso	wild-type
ISO005_Benin	Benin	Y493H
ISO006_Nigeria	Nigeria	wild-type
ISO007_Benin	Benin	wild-type
ISO008_Cote_dIvoire	Cote d'Ivoire	wild-type
ISO009_Mali	Mali	wild-type
ISO010_Benin	Benin	wild-type
ISO011_Ghana	Ghana	wild-type
ISO012_Senegal	Senegal	wild-type
ISO013_Nigeria	Nigeria	wild-type
ISO014_Senegal	Senegal	P553L
ISO015_Burkina_Faso	Burkina Faso	wild-type
ISO016_Senegal	Senegal	wild-type
ISO017_Benin	Benin	wild-type
ISO018_Burkina_Faso	Burkina Faso	wild-type
ISO019_Cote_dIvoire	Cote d'Ivoire	R539T
ISO020_Senegal	Senegal	wild-type
ISO021_Burkina_Faso	Burkina Faso	Y493H
ISO022_Mali	Mali	wild-type
ISO023_Nigeria	Nigeria	wild-type
ISO024_Cote_dIvoire	Cote d'Ivoire	wild-type
ISO025_Senegal	Senegal	I543T
ISO026_Nigeria	Nigeria	wild-type
ISO027_Burkina_Faso	Burkina Faso	wild-type
ISO028_Ghana	Ghana	wild-type
ISO029_Nigeria	Nigeria	P553L
ISO030_Mali	Mali	wild-type
